state,date,critical_staffing_shortage_today_yes,inpatient_beds_used,inpatient_beds,inpatient_beds_utilization,inpatient_beds_used_covid,inpatients_with_covid,inpatient_with_no_beds (error),percent_of_inpatients_with_covid,inpatient_bed_covid_utilization,deaths_covid,inpatient_beds_utilization_numerator,inpatient_beds_utilization_denominator
WA,2/28/2020,0,233,317,0.735015773,0,0,0,0,0,0,233,317
WA,2/29/2020,0,213,317,0.67192429,0,0,0,0,0,0,213,317
WA,3/1/2020,0,191,317,0.602523659,0,0,0,0,0,0,191,317
WA,3/2/2020,0,202,317,0.637223975,2,2,0,0.00990099,0.006309148,0,202,317
WA,3/3/2020,0,206,317,0.649842271,2,2,0,0.009708738,0.006309148,0,206,317
WA,3/4/2020,0,219,317,0.690851735,3,3,0,0.01369863,0.009463722,0,219,317
WA,3/5/2020,0,247,317,0.779179811,2,2,0,0.008097166,0.006309148,0,247,317
WA,3/6/2020,0,220,360,0.611111111,6,5,1,0.022727273,0.016666667,0,220,317
WA,3/7/2020,0,193,360,0.536111111,7,7,0,0.03626943,0.019444444,0,193,317
WA,3/8/2020,0,187,360,0.519444444,8,8,0,0.042780749,0.022222222,1,187,317
WA,3/9/2020,0,205,360,0.569444444,12,9,3,0.043902439,0.033333333,1,205,317
WA,3/10/2020,0,239,360,0.663888889,14,13,1,0.054393305,0.038888889,0,239,317
WA,3/11/2020,0,227,370,0.613513514,17,16,1,0.070484581,0.045945946,0,227,327
WA,3/12/2020,0,254,403,0.630272953,19,17,2,0.066929134,0.047146402,0,254,360
WA,3/13/2020,0,247,402,0.614427861,19,17,2,0.068825911,0.047263682,1,247,359
WA,3/14/2020,0,238,517,0.460348162,21,18,3,0.075630252,0.040618956,1,238,359
WA,3/15/2020,0,225,516,0.436046512,25,21,4,0.093333333,0.048449612,0,225,358
WA,3/16/2020,0,225,554,0.406137184,33,25,8,0.111111111,0.059566787,1,225,360
WA,3/17/2020,0,227,561,0.404634581,35,27,8,0.118942731,0.062388592,1,227,367
WA,3/18/2020,0,250,561,0.445632799,34,27,7,0.108,0.060606061,1,250,367
WA,3/19/2020,0,261,445,0.586516854,38,30,8,0.114942529,0.085393258,0,261,366
WA,3/20/2020,0,255,443,0.575620767,39,30,9,0.117647059,0.088036117,1,255,364
WA,3/21/2020,0,240,403,0.595533499,35,30,5,0.125,0.086848635,0,240,360
WA,3/22/2020,0,230,401,0.573566085,39,34,5,0.147826087,0.097256858,0,230,358
WA,3/23/2020,0,230,401,0.573566085,44,37,7,0.160869565,0.109725686,1,230,358
WA,3/24/2020,0,261,447,0.583892617,47,41,6,0.157088123,0.105145414,0,261,404
WA,3/25/2020,0,270,448,0.602678571,46,43,3,0.159259259,0.102678571,0,270,405
WA,3/26/2020,0,264,449,0.587973274,45,44,1,0.166666667,0.100222717,1,264,406
WA,3/27/2020,0,240,453,0.529801325,47,44,3,0.183333333,0.103752759,1,240,410
WA,3/28/2020,0,239,454,0.526431718,49,45,4,0.188284519,0.107929515,0,239,411
WA,3/29/2020,0,245,488,0.50204918,49,47,2,0.191836735,0.100409836,1,245,445
WA,3/30/2020,0,847,1579,0.536415453,125,119,6,0.140495868,0.079164028,0,847,1536
WA,3/31/2020,0,1137,2004,0.567365269,193,188,5,0.165347405,0.096307385,1,1137,1961
WA,4/1/2020,0,1364,2476,0.55088853,268,264,4,0.193548387,0.108239095,6,1364,2441
WA,4/2/2020,0,1703,2923,0.582620595,292,292,0,0.171462126,0.099897366,5,1703,2923
WA,4/3/2020,0,1757,2940,0.597619048,297,297,0,0.169038133,0.101020408,8,1757,2940
WA,4/4/2020,0,1650,2928,0.56352459,297,295,2,0.178787879,0.101434426,6,1650,2903
WA,4/5/2020,0,1624,2917,0.556736373,278,277,1,0.170566502,0.095303394,5,1624,2892
WA,4/6/2020,0,1704,2957,0.576259723,301,301,0,0.176643192,0.101792357,4,1704,2957
WA,4/7/2020,0,6624,10442,0.634361233,618,615,3,0.092844203,0.059184064,2,6624,10365
WA,4/8/2020,0,7163,11959,0.598963124,726,659,67,0.092000558,0.060205703,10,7163,11285
WA,4/9/2020,0,8442,12452,0.677963379,702,702,0,0.08315565,0.056376486,2,8442,12439
WA,4/10/2020,0,8850,13248,0.668025362,779,764,15,0.086327684,0.058801329,6,8850,13175
WA,4/11/2020,0,9038,13265,0.681341877,782,766,16,0.084753264,0.05895213,4,9038,13167
WA,4/12/2020,0,9213,13775,0.668820327,769,767,2,0.083251927,0.055825771,5,9213,13750
WA,4/13/2020,0,9100,13593,0.669462223,787,777,10,0.085384615,0.055911131,8,9015,13349
WA,4/14/2020,0,8875,13314,0.666591558,692,677,15,0.07628169,0.051224275,1,8805,13075
WA,4/15/2020,0,8154,13967,0.583804682,742,732,10,0.089771891,0.051979666,18,8115,13724
WA,4/16/2020,0,7960,14473,0.549989636,768,760,8,0.097423407,0.052739484,14,7910,14230
WA,4/17/2020,0,7981,15069,0.529630367,796,789,7,0.098859792,0.051562811,20,7927,14826
WA,4/18/2020,0,7950,15062,0.527818351,751,744,7,0.093584906,0.048599124,16,7898,14819
WA,4/19/2020,0,7898,15063,0.524331143,757,746,11,0.094454292,0.04819757,16,7839,14820
WA,4/20/2020,0,7737,14987,0.516247414,764,758,6,0.09797079,0.048975779,12,7680,14715
WA,4/21/2020,0,7895,14403,0.548149691,728,722,6,0.091450285,0.048809276,7,7823,14143
WA,4/22/2020,0,8108,14378,0.563917096,685,678,7,0.083621115,0.046181666,7,8020,14119
WA,4/23/2020,0,8099,14025,0.577468806,685,678,7,0.083714039,0.047344029,4,7681,13766
WA,4/24/2020,0,8178,13670,0.598244331,747,740,7,0.090486672,0.051426481,4,7601,13405
WA,4/25/2020,0,8109,13556,0.598185305,699,692,7,0.08533728,0.04861316,7,7529,13291
WA,4/26/2020,0,8224,13773,0.597110288,758,751,7,0.091318093,0.053728309,10,7820,13508
WA,4/27/2020,0,8852,13576,0.652032999,801,801,0,0.090488025,0.057012375,4,8433,13570
WA,4/28/2020,0,8836,12315,0.717498985,842,808,34,0.091444092,0.060251726,6,7544,12083
WA,4/29/2020,0,9043,12268,0.737120965,848,812,36,0.08979321,0.061053146,2,7694,12024
WA,4/30/2020,0,8285,12234,0.677211051,691,655,36,0.07905854,0.048389734,5,6901,12018
WA,5/1/2020,0,8766,11761,0.745344784,827,795,32,0.090691307,0.058753507,2,7020,11546
WA,5/2/2020,0,8304,11521,0.720770766,854,815,39,0.098145472,0.059109452,9,6375,11309
WA,5/3/2020,0,7924,11513,0.688265439,741,702,39,0.091133325,0.051033131,4,6071,11298
WA,5/4/2020,0,7892,11627,0.678764944,696,659,37,0.083502281,0.047389696,5,6031,11410
WA,5/5/2020,0,8132,11551,0.704008311,720,682,38,0.083866208,0.051337547,5,6204,11378
WA,5/6/2020,0,8810,9669,0.911159375,621,513,108,0.058229285,0.044472024,3,6728,9477
WA,5/7/2020,0,8236,11450,0.71930131,620,585,35,0.071029626,0.043755459,1,6205,11264
WA,5/8/2020,0,8057,11407,0.70632068,627,592,35,0.07347648,0.044446393,4,6069,11229
WA,5/9/2020,0,9301,11215,0.829335711,627,594,33,0.063864101,0.046648794,2,7338,11015
WA,5/10/2020,0,9236,11197,0.824863803,607,574,33,0.062148116,0.044922747,1,7259,11022
WA,5/11/2020,0,8464,11640,0.727147766,622,551,71,0.065099244,0.050369606,4,8464,11302
WA,5/12/2020,0,9325,13163,0.708425131,716,681,35,0.073029491,0.054394895,1,9325,12992
WA,5/13/2020,0,9631,13525,0.712088725,695,662,33,0.068736372,0.051386322,5,9631,13356
WA,5/14/2020,0,9958,14007,0.710930249,680,645,35,0.064772043,0.048547155,3,9958,13822
WA,5/15/2020,0,9840,14011,0.702305332,635,601,34,0.061077236,0.045321533,4,9840,13831
WA,5/16/2020,0,9614,13624,0.705666471,610,577,33,0.060016642,0.044773928,1,9614,13445
WA,5/17/2020,0,9288,13883,0.669019664,600,566,34,0.060938846,0.043218325,1,9288,13702
WA,5/18/2020,0,9735,13857,0.702533016,607,575,32,0.059065229,0.043804575,5,9735,13674
WA,5/19/2020,0,8955,12906,0.693863319,605,575,30,0.064209939,0.046877421,3,8955,12738
WA,5/20/2020,0,7856,10987,0.71502685,607,576,31,0.073319756,0.05524711,2,7856,10821
WA,5/21/2020,0,7902,11157,0.708254907,607,576,31,0.072892938,0.054405306,0,7902,10981
WA,5/22/2020,0,7894,11160,0.70734767,606,576,30,0.07296681,0.054301075,6,7894,10986
WA,5/23/2020,0,7675,11134,0.68932998,614,582,32,0.075830619,0.055146398,4,7675,10932
WA,5/24/2020,0,7312,10996,0.66496908,554,524,30,0.07166302,0.050381957,7,7312,10792
WA,5/25/2020,0,7329,10999,0.666333303,608,577,31,0.078728339,0.055277753,4,7329,10795
WA,5/26/2020,0,7627,11061,0.689539825,584,556,28,0.072898912,0.05279812,3,7627,10885
WA,5/27/2020,0,8041,11142,0.721683719,587,560,27,0.069643079,0.05268354,3,8041,10965
WA,5/28/2020,0,8105,11177,0.725149861,577,553,24,0.068229488,0.05162387,6,8105,11004
WA,5/29/2020,0,7981,11082,0.720176863,525,505,20,0.063275279,0.04737412,3,7981,10908
WA,5/30/2020,0,7713,11144,0.692121321,520,505,15,0.065473875,0.046661881,3,7713,10940
WA,5/31/2020,0,7553,11156,0.677034779,506,494,12,0.065404475,0.045356759,2,7553,10952
WA,6/1/2020,0,7588,11074,0.685208597,505,492,13,0.06483922,0.045602312,4,7588,10897
WA,6/2/2020,0,8057,11176,0.720919828,506,496,10,0.061561375,0.044828203,5,8057,10997
WA,6/3/2020,0,8153,11150,0.731210762,474,466,8,0.057156875,0.04206278,1,8153,11007
WA,6/4/2020,0,8061,11175,0.721342282,515,509,6,0.063143531,0.045637584,2,8061,11040
WA,6/5/2020,0,8134,11231,0.724245392,407,401,6,0.049299238,0.035793785,5,8077,11065
WA,6/6/2020,0,8243,11120,0.741276978,394,388,6,0.047070241,0.034982014,2,8186,10954
WA,6/7/2020,0,7758,11164,0.694912218,375,374,1,0.048208301,0.033590111,1,7701,11006
WA,6/8/2020,0,7830,11160,0.701612903,385,384,1,0.049042146,0.034498208,5,7773,11031
WA,6/9/2020,0,8336,11231,0.742231324,376,374,2,0.044865643,0.033478764,4,8279,11101
WA,6/10/2020,0,8219,11036,0.744744473,403,364,39,0.044287626,0.033254802,9,8219,10904
WA,6/11/2020,0,8614,11474,0.750740805,406,401,5,0.046933521,0.035426166,2,8550,11344
WA,6/12/2020,0,8119,11764,0.690156409,353,350,3,0.043483663,0.030015393,6,8055,11633
WA,6/13/2020,0,7991,11885,0.672360118,356,352,4,0.044438833,0.029961913,3,7927,11753
WA,6/14/2020,0,7842,12035,0.651599501,369,365,4,0.046963459,0.030672796,1,7778,11908
WA,6/15/2020,0,7463,11312,0.659741867,386,375,11,0.050806124,0.033544473,1,7399,11191
WA,6/16/2020,0,7836,11372,0.689060851,402,392,10,0.050482936,0.035012885,4,7836,11246
WA,6/17/2020,0,8190,11656,0.702642416,423,419,4,0.051626417,0.036674181,6,8190,11531
WA,6/18/2020,0,8206,11655,0.704075504,418,413,5,0.050799508,0.036243822,1,8206,11524
WA,6/19/2020,0,8352,12069,0.69202088,404,400,4,0.048326688,0.033816021,7,8352,11937
WA,6/20/2020,0,8102,12043,0.672755958,388,385,3,0.047963124,0.032547605,1,8102,11915
WA,6/21/2020,0,7858,12000,0.654833333,398,395,3,0.050751638,0.033507324,2,7858,11869
WA,6/22/2020,0,7983,12118,0.658772075,449,444,5,0.056145675,0.037432263,4,7983,11989
WA,6/23/2020,0,8481,12115,0.700041271,441,437,4,0.05196195,0.036762254,3,8481,11989
WA,6/24/2020,0,8620,12240,0.704248366,426,422,4,0.049356725,0.035063114,3,8620,12048
WA,6/25/2020,0,8631,12197,0.707633025,407,404,3,0.047207291,0.033614837,1,8631,12066
WA,6/26/2020,0,8573,12205,0.702417042,431,427,4,0.050229385,0.035587189,1,8573,12077
WA,6/27/2020,0,8190,12126,0.675408214,407,405,2,0.049889135,0.033822059,5,8190,11973
WA,6/28/2020,0,8026,12110,0.662758051,432,429,3,0.053935127,0.035952619,0,8026,11955
WA,6/29/2020,0,8044,12128,0.663258575,476,474,2,0.059465563,0.039643541,3,8044,12000
WA,6/30/2020,0,8160,11970,0.681704261,500,498,2,0.061626036,0.04220834,1,8160,11854
WA,7/1/2020,0,8023,12276,0.653551645,472,471,1,0.05929003,0.038847737,1,8023,12156
WA,7/2/2020,0,7809,12301,0.634826437,466,464,2,0.060010347,0.038186746,3,7809,12184
WA,7/3/2020,0,7711,12336,0.625081064,439,434,5,0.05683604,0.035872236,4,7711,12182
WA,7/4/2020,0,7283,12313,0.591488671,420,415,5,0.057574917,0.034380898,4,7283,12158
WA,7/5/2020,0,7211,12318,0.585403475,438,435,3,0.06095852,0.035843176,4,7211,12098
WA,7/6/2020,0,7081,12053,0.587488592,504,489,15,0.069707769,0.040991818,3,7081,11840
WA,7/7/2020,0,8010,12488,0.641415759,532,530,2,0.066717019,0.042858294,2,8010,12363
WA,7/8/2020,0,8066,12489,0.645848347,485,483,2,0.060375,0.039068793,5,8066,12359
WA,7/9/2020,0,8124,12499,0.649971998,497,496,1,0.061515565,0.039987127,4,8124,12370
WA,7/10/2020,0,8179,12621,0.648046906,490,489,1,0.060192024,0.039000318,4,8179,12491
WA,7/11/2020,0,7742,12366,0.626071486,483,482,1,0.062703265,0.039239581,4,7742,12235
WA,7/12/2020,0,5123,8349,0.61360642,318,317,1,0.062549329,0.038350217,4,5123,8219
WA,7/13/2020,0,4909,8049,0.609889427,309,300,9,0.061881188,0.03780671,1,4909,7916
WA,7/14/2020,0,5236,8138,0.643401327,344,335,9,0.064809441,0.041754429,0,5236,7980
WA,7/15/2020,0,3585,5132,0.698558067,533,457,76,0.129903354,0.090621915,1,3585,4999
WA,7/16/2020,3,3517,5096,0.690149137,488,419,69,0.119373219,0.082727451,3,3517,4963
WA,7/17/2020,6,4690,6843,0.685371913,535,508,27,0.108315565,0.074528715,1,4690,6710
WA,7/18/2020,9,4627,7547,0.613091295,469,438,31,0.094661768,0.058036306,1,4627,7547
WA,7/19/2020,8,4467,7417,0.602265067,490,451,39,0.100962615,0.060806256,2,4465,7417
WA,7/20/2020,6,4357,7232,0.602461283,489,458,31,0.105118201,0.063329646,3,4357,7232
WA,7/21/2020,7,5039,7467,0.674835945,479,425,54,0.084342131,0.056917102,8,4859,7467
WA,7/22/2020,11,5293,8026,0.659481685,505,476,29,0.089930096,0.059307251,5,5122,8026
WA,7/23/2020,8,5088,7738,0.657534247,531,458,73,0.090015723,0.059188421,8,4910,7738
WA,7/24/2020,10,7707,7724,0.997799068,529,490,39,0.063578565,0.053340238,6,6370,7724
WA,7/25/2020,10,8332,8644,0.963905599,533,517,16,0.062049928,0.037714021,1,5544,8644
WA,7/26/2020,9,8041,8635,0.931210191,504,490,14,0.060937694,0.037521714,1,5376,8635
WA,7/27/2020,8,7861,8558,0.918555737,555,542,13,0.068947971,0.041131105,5,5188,8558
WA,7/28/2020,10,8525,8828,0.96567739,561,553,8,0.064868035,0.041685546,1,5752,8828
WA,7/29/2020,13,8884,9128,0.973269062,545,543,2,0.061121117,0.039658195,4,6045,9128
WA,7/30/2020,13,8812,9008,0.978241563,511,507,4,0.057535179,0.037189165,8,5934,9008
WA,7/31/2020,14,8991,9405,0.955980861,547,546,1,0.060727394,0.040829346,5,6165,9405
WA,8/1/2020,10,8310,9037,0.919552949,560,556,4,0.066907341,0.043155915,7,5550,9037
WA,8/2/2020,12,8145,8990,0.906006674,575,569,6,0.069858809,0.043159066,11,5521,8990
WA,8/3/2020,12,8410,9409,0.893825061,554,553,1,0.065755054,0.040386864,4,5807,9409
WA,8/4/2020,12,8815,9411,0.936669854,569,569,0,0.064549064,0.041759643,6,6089,9411
WA,8/5/2020,12,8736,9422,0.927191679,545,545,0,0.062385531,0.037677775,7,5984,9422
WA,8/6/2020,14,9100,9487,0.959207336,614,614,0,0.067472527,0.042900812,10,6250,9487
WA,8/7/2020,13,8770,9435,0.929517753,567,567,0,0.064652223,0.038791733,4,5970,9435
WA,8/8/2020,13,7451,9097,0.819061229,489,469,20,0.062944571,0.03220842,4,4743,9097
WA,8/9/2020,13,8106,9193,0.881757859,514,494,20,0.060942512,0.035244208,3,5487,9193
WA,8/10/2020,15,8062,9118,0.884185128,530,514,16,0.063755892,0.037617899,6,5490,9118
WA,8/11/2020,13,8916,9591,0.92962152,571,571,0,0.064042171,0.038890627,5,6153,9591
WA,8/12/2020,15,8233,9495,0.867087941,508,507,1,0.061581441,0.032648763,7,5413,9495
WA,8/13/2020,14,9116,9968,0.914526485,594,594,0,0.065160158,0.039827448,8,6284,9968
WA,8/14/2020,14,8890,9899,0.898070512,554,554,0,0.06231721,0.036064249,4,6054,9899
WA,8/15/2020,17,8723,9773,0.892561138,546,546,0,0.062593145,0.035710631,5,5887,9773
WA,8/16/2020,14,8583,9761,0.879315644,562,561,1,0.065361762,0.037291261,4,5747,9761
WA,8/17/2020,12,5139,9829,0.522840574,305,305,0,0.059350068,0.031030624,3,4960,9829
WA,8/18/2020,10,6264,10002,0.626274745,374,374,0,0.060508008,0.037904125,4,6096,10002
WA,8/19/2020,12,6477,10043,0.644926815,361,361,0,0.056476846,0.0364205,0,6310,10043
WA,8/20/2020,17,6647,10179,0.653011101,346,346,0,0.052784134,0.034427861,5,6479,10179
WA,8/21/2020,13,6522,10037,0.649795756,334,334,0,0.051919789,0.033710133,0,6351,10037
WA,8/22/2020,15,6229,9760,0.638217213,335,315,20,0.051252847,0.032696699,1,6058,9760
WA,8/23/2020,12,6029,9754,0.618105393,308,288,20,0.048452221,0.029918969,1,5858,9754
WA,8/24/2020,14,6038,9902,0.609775803,299,299,0,0.050252101,0.030591365,5,5850,9902
WA,8/25/2020,12,8884,9928,0.894842869,459,459,0,0.05224815,0.032363451,2,6110,9928
WA,8/26/2020,15,9186,9937,0.92442387,475,475,0,0.052243731,0.033520122,2,6369,9937
WA,8/27/2020,14,9237,10069,0.917370146,467,467,0,0.051077327,0.034482759,8,6421,10069
WA,8/28/2020,16,9145,10273,0.890197605,444,444,0,0.049017443,0.031810124,5,6393,10273
WA,8/29/2020,13,8890,10125,0.878024691,429,429,0,0.048727851,0.02997003,5,6160,10096
WA,8/30/2020,14,8652,10071,0.859100387,420,420,0,0.049008168,0.029742765,1,6025,10071
WA,8/31/2020,14,8470,10117,0.837204705,407,407,0,0.04849857,0.029,3,5826,10117
WA,9/1/2020,17,8823,10107,0.872959335,411,411,0,0.047035935,0.027644231,4,6138,10107
WA,9/2/2020,16,9088,10118,0.898201226,402,402,0,0.044681561,0.027410964,3,6350,10118
WA,9/3/2020,16,9167,10131,0.904846511,407,407,0,0.044843543,0.028568575,3,6363,10131
WA,9/4/2020,18,9065,10217,0.887246746,427,427,0,0.047613738,0.032181404,4,6306,10217
WA,9/5/2020,15,8822,10098,0.873638344,393,393,0,0.045027498,0.030069159,1,6100,10098
WA,9/6/2020,15,8587,10398,0.825831891,409,409,0,0.048072402,0.029775226,7,6150,10398
WA,9/7/2020,11,8307,10248,0.81059719,360,360,0,0.043758357,0.02645346,4,5967,10248
WA,9/8/2020,15,8463,10260,0.824853801,377,377,0,0.045025678,0.027120316,1,6074,10260
WA,9/9/2020,12,9107,10270,0.886757546,397,397,0,0.044101311,0.027684729,1,6399,10270
WA,9/10/2020,14,9301,10319,0.90134703,390,390,0,0.042423583,0.02795488,3,6503,10319
WA,9/11/2020,15,9716,10319,0.941564105,377,377,0,0.039185116,0.027175513,2,6910,10319
WA,9/12/2020,14,9164,10259,0.893264451,381,381,0,0.041997354,0.027923039,5,6412,10259
WA,9/13/2020,13,8895,10241,0.868567523,369,369,0,0.041893733,0.0252051,1,6239,10241
WA,9/14/2020,13,8745,10154,0.861236951,383,383,0,0.044231436,0.028611305,1,6125,10154
WA,9/15/2020,13,9211,10300,0.894271845,386,386,0,0.042296735,0.028086026,1,6429,10300
WA,9/16/2020,10,9497,10326,0.919717219,379,379,0,0.040267743,0.027922014,5,6672,10326
WA,9/17/2020,12,9561,10328,0.925735864,405,405,0,0.042766631,0.029478014,4,6719,10328
WA,9/18/2020,12,9594,10328,0.928931061,393,393,0,0.041398926,0.028014497,3,6739,10328
WA,9/19/2020,12,9339,10287,0.907844853,393,393,0,0.042541676,0.027537372,2,6579,10287
WA,9/20/2020,11,8994,10291,0.873967544,393,393,0,0.044162265,0.029501426,1,6330,10291
WA,9/21/2020,11,9640,10308,0.935195964,438,438,0,0.045863874,0.030832679,3,6204,10308
WA,9/22/2020,15,10049,10323,0.973457328,464,464,0,0.046623794,0.031574819,3,6510,10323
WA,9/23/2020,15,10404,10325,1.007651332,465,465,0,0.045136867,0.030864198,5,6683,10325
WA,9/24/2020,14,10513,10451,1.005932447,449,449,0,0.043102621,0.028748427,1,6740,10451
WA,9/25/2020,13,10160,10444,0.972807354,436,435,1,0.043184751,0.027220769,2,6382,10038
WA,9/26/2020,12,9443,10302,0.916618132,393,393,0,0.042018604,0.023573323,0,5694,10302
WA,9/27/2020,10,9762,10310,0.946847721,414,413,1,0.042700579,0.026207303,1,6150,10310
WA,9/28/2020,14,9561,10284,0.929696616,404,404,0,0.042638522,0.026963196,2,6071,10284
WA,9/29/2020,11,9173,10263,0.893793238,402,402,0,0.04428776,0.027408065,3,6364,10263
WA,9/30/2020,12,9350,10329,0.905218317,368,368,0,0.039749406,0.024973068,2,6475,10329
WA,10/1/2020,11,8469,10345,0.818656356,294,294,0,0.035087719,0.01858009,2,5585,10345
WA,10/2/2020,11,9532,10364,0.919722115,378,378,0,0.040050858,0.026953125,3,6694,10364
WA,10/3/2020,11,8227,10281,0.800213987,303,303,0,0.037260207,0.019885804,2,5403,10281
WA,10/4/2020,12,9212,10553,0.87292713,381,381,0,0.041758001,0.026560552,5,6487,10553
WA,10/5/2020,13,8738,10357,0.843680602,360,360,0,0.041618497,0.02550821,1,6092,10357
WA,10/6/2020,11,10067,10358,0.971905773,417,417,0,0.041838066,0.027652922,5,6460,10358
WA,10/7/2020,10,10297,10347,0.995167681,398,398,0,0.039019608,0.026604069,8,6662,10347
WA,10/8/2020,12,10351,10359,0.999227725,394,394,0,0.038454031,0.025590936,2,6658,10359
WA,10/9/2020,12,10462,10388,1.007123604,402,402,0,0.038829325,0.027084957,3,6656,10388
WA,10/10/2020,11,10073,10337,0.974460675,390,390,0,0.039117352,0.026431718,2,6401,10337
WA,10/11/2020,10,9842,10317,0.953959484,413,413,0,0.042380708,0.028151054,1,6280,10317
WA,10/12/2020,14,9718,10441,0.930753759,388,388,0,0.040320067,0.026351482,2,6203,10441
WA,10/13/2020,15,10035,10395,0.965367965,407,406,1,0.040873855,0.027458617,4,6407,10395
WA,10/14/2020,13,10430,12524,0.832801022,400,400,0,0.03869969,0.025483871,4,8537,12524
WA,10/15/2020,13,9571,11628,0.823099415,388,388,0,0.040971489,0.02668637,4,7664,11628
WA,10/16/2020,13,9518,11636,0.817978687,385,385,0,0.04088785,0.025714534,4,7631,11636
WA,10/17/2020,14,9446,11649,0.810885055,384,384,0,0.041078306,0.02655328,1,7586,11649
WA,10/18/2020,10,9040,11610,0.778639104,397,397,0,0.044352586,0.026471613,1,7206,11610
WA,10/19/2020,15,8705,11360,0.766285211,404,404,0,0.04690584,0.02771342,7,6958,11360
WA,10/20/2020,12,9084,11328,0.80190678,403,403,0,0.044857524,0.027770337,3,7337,11328
WA,10/21/2020,13,9599,11613,0.826573667,430,430,0,0.045196552,0.028469441,8,7767,11613
WA,10/22/2020,12,9705,11524,0.842155502,414,414,0,0.043026398,0.027285489,4,7506,11524
WA,10/23/2020,11,9939,11695,0.849850363,410,410,0,0.041561075,0.027141499,4,7952,11695
WA,10/24/2020,10,9282,11806,0.786210401,390,390,0,0.042359075,0.026286497,5,7581,11806
WA,10/25/2020,9,9041,11803,0.765991697,409,409,0,0.045611687,0.027064063,9,7380,11803
WA,10/26/2020,11,8472,11213,0.755551592,419,419,0,0.049916607,0.02967707,2,6815,11213
WA,10/27/2020,10,8816,11124,0.792520676,428,428,0,0.048987066,0.030553787,2,7120,11124
WA,10/28/2020,12,9640,11953,0.806492094,448,448,0,0.046861925,0.029344609,2,7687,11953
WA,10/29/2020,11,9724,12208,0.796526868,440,440,0,0.045652625,0.027324667,2,7963,12208
WA,10/30/2020,10,9705,12179,0.796863453,477,477,0,0.049625468,0.028635458,5,7732,12179
WA,10/31/2020,13,9341,11650,0.801802575,439,439,0,0.047444072,0.027517361,3,7439,11650
WA,11/1/2020,12,9012,11703,0.770058959,460,460,0,0.051511758,0.029200864,5,7310,11703
WA,11/2/2020,14,8552,10703,0.79902831,475,475,0,0.056133302,0.030540847,5,6328,10703
WA,11/3/2020,15,8824,10565,0.835210601,477,477,0,0.054607899,0.031232037,3,6520,10565
WA,11/4/2020,11,9615,11588,0.82973766,489,489,0,0.051349365,0.029398936,14,7494,11588
WA,11/5/2020,14,9749,11758,0.829137608,493,493,0,0.051088083,0.030777166,5,7604,11758
WA,11/6/2020,15,9766,10992,0.888464338,513,513,0,0.053039702,0.032210565,8,8107,10992
WA,11/7/2020,11,9049,13297,0.680529443,490,490,0,0.054736372,0.033100516,3,8435,13297
WA,11/8/2020,16,9183,13078,0.702171586,539,539,0,0.059269848,0.037057052,1,8594,13078
WA,11/9/2020,17,8500,12186,0.697521746,574,574,0,0.068227743,0.042613165,7,7915,12186
WA,11/10/2020,16,9097,14089,0.645681028,612,612,0,0.068007556,0.039106145,9,8485,14089
WA,11/11/2020,12,9818,13195,0.744069723,646,646,0,0.066474583,0.043694521,6,9200,13195
WA,11/12/2020,15,9891,14082,0.702386025,656,656,0,0.067048242,0.047014979,5,9891,14082
WA,11/13/2020,15,9868,14326,0.688817535,602,602,0,0.061617195,0.042403325,9,9868,14326
WA,11/14/2020,16,9428,14241,0.662032161,672,672,0,0.072002572,0.047619048,8,9428,14241
WA,11/15/2020,14,9143,13551,0.674710353,635,635,0,0.070150243,0.047310386,8,9143,13551
WA,11/16/2020,13,8786,13610,0.645554739,735,735,0,0.084541063,0.054533314,8,8786,13610
WA,11/17/2020,13,8921,13187,0.676499583,766,766,0,0.08686777,0.05866585,4,8921,13187
WA,11/18/2020,13,9950,14066,0.707379497,819,819,0,0.083274021,0.058751793,7,9950,14066
WA,11/19/2020,12,9993,14284,0.699593951,863,863,0,0.087348178,0.060942024,9,9993,14284
WA,11/20/2020,12,9977,14251,0.700091222,869,869,0,0.088062424,0.061535193,6,9977,14251
WA,11/21/2020,15,9721,14140,0.68748232,906,906,0,0.094120091,0.06467271,6,9721,14140
WA,11/22/2020,10,9306,14029,0.663340224,886,886,0,0.096085023,0.063741007,2,9306,14029
WA,11/23/2020,16,8585,12964,0.662218451,921,921,0,0.108416716,0.071745735,19,8585,12964
WA,11/24/2020,14,9166,13402,0.683927772,981,981,0,0.108087263,0.073920579,6,9166,13402
WA,11/25/2020,13,9532,13873,0.687090031,945,945,0,0.10019084,0.068767283,10,9532,13873
WA,11/26/2020,15,9132,13874,0.658209601,946,946,0,0.104634443,0.068845062,10,9132,13874
WA,11/27/2020,14,8953,13835,0.647126852,951,951,0,0.107287906,0.069365427,6,8953,13835
WA,11/28/2020,14,8950,13755,0.650672483,970,970,0,0.109357384,0.071150884,9,8950,13755
WA,11/29/2020,14,9033,13832,0.653050896,981,981,0,0.109523278,0.071569271,5,9033,13832
WA,11/30/2020,15,8649,13138,0.658319379,1058,1058,0,0.123482726,0.081290818,9,8649,13138
WA,12/1/2020,9,9228,13661,0.675499597,1061,1061,0,0.116108558,0.078424126,16,9228,13661
WA,12/2/2020,16,9846,14170,0.694848271,1081,1081,0,0.110792252,0.076999786,16,9846,14170
WA,12/3/2020,12,10006,14534,0.688454658,1062,1062,0,0.10707804,0.073637498,11,10006,14534
WA,12/4/2020,16,9923,14507,0.684014614,1053,1053,0,0.107175573,0.073292963,12,9923,14507
WA,12/5/2020,14,9673,14400,0.671736111,1080,1080,0,0.112676056,0.075598488,13,9673,14400
WA,12/6/2020,13,9513,14288,0.665803471,1109,1109,0,0.117703248,0.078247372,11,9513,14288
WA,12/7/2020,13,8572,12994,0.659689087,1129,1129,0,0.133074022,0.087662086,15,8572,12994
WA,12/8/2020,12,9078,13313,0.681889882,1148,1148,0,0.127612272,0.086989467,19,9078,13313
WA,12/9/2020,14,9813,14031,0.699379944,1152,1152,0,0.118384544,0.082746732,10,9813,14031
WA,12/10/2020,10,9808,14057,0.697730668,1102,1102,0,0.113327849,0.079013408,22,9808,14057
WA,12/11/2020,12,9662,13990,0.690636169,1122,1122,0,0.11722913,0.080835735,14,9662,13990
WA,12/12/2020,13,9523,14000,0.680214286,1112,1112,0,0.11779661,0.080051832,11,9523,14000
WA,12/13/2020,14,9324,13894,0.671081042,1137,1137,0,0.122932209,0.082480958,7,9324,13894
WA,12/14/2020,12,8436,12806,0.658753709,1142,1142,0,0.136521219,0.089956676,18,8436,12806
WA,12/15/2020,13,8817,12847,0.686308087,1144,1144,0,0.130847535,0.089972473,17,8817,12847
WA,12/16/2020,15,9873,13960,0.707234957,1190,1190,0,0.121552605,0.08604483,14,9873,13960
WA,12/17/2020,17,9983,14091,0.708466397,1154,1154,0,0.11658921,0.082682525,22,9983,14091
WA,12/18/2020,15,10067,14134,0.712254139,1147,1147,0,0.114895322,0.081940277,21,10067,14134
WA,12/19/2020,17,9812,14068,0.697469434,1131,1131,0,0.116238438,0.081197502,27,9812,14068
WA,12/20/2020,15,9513,14094,0.674968072,1146,1146,0,0.121475514,0.082091691,16,9513,14094
WA,12/21/2020,14,8544,12855,0.664644107,1154,1154,0,0.136406619,0.090758946,14,8544,12855
WA,12/22/2020,13,8887,12869,0.690574248,1133,1133,0,0.128793907,0.089002357,26,8887,12869
WA,12/23/2020,19,9652,14011,0.688887303,1184,1184,0,0.123655352,0.08537025,14,9652,14011
WA,12/24/2020,19,9152,12660,0.722906793,1231,1231,0,0.135602556,0.098346249,15,9152,12660
WA,12/25/2020,19,8776,13791,0.636357044,1074,1074,0,0.123292389,0.078687083,21,8776,13791
WA,12/26/2020,22,8654,13716,0.630941966,1127,1127,0,0.131229623,0.082995802,14,8654,13716
WA,12/27/2020,23,8919,13694,0.651307142,1163,1163,0,0.131456991,0.085798598,7,8919,13694
WA,12/28/2020,12,8350,12673,0.658881086,1175,1175,0,0.141959647,0.093745014,16,8350,12673
WA,12/29/2020,14,8740,12763,0.684791977,1131,1131,0,0.130570307,0.089598352,12,8740,12763
WA,12/30/2020,11,9824,13949,0.704279877,1128,1128,0,0.115858669,0.08165038,21,9824,13949
WA,12/31/2020,13,9834,14049,0.699978646,1100,1100,0,0.112878399,0.079040023,14,9834,14049
WA,1/1/2021,9,9576,13967,0.685616095,1100,1100,0,0.116009281,0.079497001,15,9576,13967
WA,1/2/2021,7,9408,13940,0.674892396,1100,1100,0,0.117975118,0.079658194,13,9408,13940
WA,1/3/2021,9,9400,13899,0.676307648,1110,1110,0,0.119265069,0.080621732,12,9400,13899
WA,1/4/2021,12,8708,12835,0.678457343,1117,1117,0,0.129672626,0.087973537,9,8708,12835
WA,1/5/2021,10,9069,12921,0.701880659,1164,1164,0,0.129679144,0.090987259,9,9069,12921
WA,1/6/2021,9,10030,13955,0.718738803,1140,1140,0,0.114826753,0.082501086,16,10030,13955
WA,1/7/2021,11,10063,14065,0.715463918,1134,1134,0,0.113901165,0.08141288,14,10063,14065
WA,1/8/2021,9,9865,13915,0.708947179,1064,1064,0,0.109027564,0.077230166,12,9865,13915
WA,1/9/2021,10,9755,13983,0.69763284,1043,1043,0,0.108094103,0.075317735,17,9755,13983
WA,1/10/2021,14,9538,13860,0.688167388,1031,1031,0,0.109227672,0.075118397,10,9538,13860
WA,1/11/2021,8,8893,12988,0.684708962,1043,1043,0,0.118603593,0.081167315,13,8893,12988
WA,1/12/2021,11,9211,13059,0.705337315,1041,1041,0,0.114244952,0.080560285,9,9211,13059
WA,1/13/2021,13,10098,14139,0.71419478,1067,1067,0,0.106774742,0.076214286,15,10098,14139
WA,1/14/2021,10,10017,13820,0.724819103,1025,1025,0,0.103399576,0.074915948,7,10017,13820
WA,1/15/2021,8,9950,13767,0.722742791,974,974,0,0.098853141,0.071480992,16,9950,13767
WA,1/16/2021,10,9740,13594,0.71649257,962,962,0,0.099575613,0.071508214,10,9740,13594
WA,1/17/2021,11,9473,13587,0.697210569,965,965,0,0.102703278,0.071763219,6,9473,13587
WA,1/18/2021,10,8809,12680,0.694716088,972,972,0,0.111327454,0.077487245,14,8809,12680
WA,1/19/2021,7,8903,12656,0.703460809,945,945,0,0.107082153,0.075437056,10,8903,12656
WA,1/20/2021,8,9876,13607,0.725802896,885,885,0,0.090333776,0.06567718,7,9876,13607
WA,1/21/2021,10,9841,13626,0.722222222,878,878,0,0.089931374,0.065046674,9,9841,13626
WA,1/22/2021,9,9789,13613,0.719092044,860,860,0,0.088650655,0.063793487,11,9789,13613
WA,1/23/2021,11,9661,13589,0.710942674,872,872,0,0.091089523,0.064818256,15,9661,13589
WA,1/24/2021,13,9450,13497,0.70015559,888,888,0,0.094800897,0.066447172,16,9450,13497
WA,1/25/2021,11,8797,12478,0.705000801,838,838,0,0.096244401,0.067865241,7,8797,12478
WA,1/26/2021,6,9058,12669,0.714973558,815,815,0,0.090939522,0.065012763,6,9058,12669
WA,1/27/2021,9,10034,13787,0.727787046,798,798,0,0.080273614,0.058440132,10,10034,13787
WA,1/28/2021,7,10086,13802,0.730763657,821,821,0,0.082190409,0.060067311,12,10086,13802
WA,1/29/2021,5,9953,13698,0.726602424,873,873,0,0.088566501,0.064356801,7,9953,13698
WA,1/30/2021,9,9657,13614,0.709343323,836,836,0,0.087383715,0.061994809,11,9657,13614
WA,1/31/2021,8,9557,13525,0.706617375,854,854,0,0.090150955,0.063740857,7,9557,13525
WA,2/1/2021,5,8684,12440,0.69807074,795,795,0,0.0925064,0.064586888,8,8684,12440
WA,2/2/2021,7,9031,12596,0.716973642,766,766,0,0.085701499,0.061456996,13,9031,12596
WA,2/3/2021,7,9966,13769,0.72379984,777,777,0,0.078779276,0.056985699,12,9966,13769
WA,2/4/2021,7,9848,13741,0.716687286,744,744,0,0.076346845,0.054685777,11,9848,13741
WA,2/5/2021,8,9651,13678,0.705585612,721,721,0,0.075568599,0.053245698,14,9651,13678
WA,2/6/2021,8,9560,13626,0.701599883,731,731,0,0.077329948,0.05417624,9,9560,13626
WA,2/7/2021,9,9415,13593,0.692635916,718,718,0,0.077063432,0.053343239,13,9415,13593
WA,2/8/2021,8,8594,12559,0.68429015,683,683,0,0.080362396,0.054978669,12,8594,12559
WA,2/9/2021,7,8953,12713,0.704239755,665,665,0,0.075107296,0.052882704,16,8953,12713
WA,2/10/2021,7,9893,13751,0.719438586,639,639,0,0.065230706,0.046936977,12,9893,13751
WA,2/11/2021,5,9622,13840,0.695231214,644,644,0,0.067618648,0.047000438,7,9622,13840
WA,2/12/2021,9,9733,13703,0.71028242,621,621,0,0.064419087,0.045772831,3,9733,13703
WA,2/13/2021,10,9572,13692,0.699094362,634,634,0,0.066779018,0.046758611,7,9572,13692
WA,2/14/2021,11,9415,13590,0.692788815,617,617,0,0.06608826,0.045849744,7,9415,13590
WA,2/15/2021,9,8526,12455,0.68454436,605,605,0,0.071580691,0.049119104,11,8526,12455
WA,2/16/2021,6,8874,12525,0.708502994,605,605,0,0.068804731,0.048841527,6,8874,12525
WA,2/17/2021,8,9873,13981,0.706172663,620,620,0,0.063368765,0.044787979,7,9873,13981
WA,2/18/2021,7,9973,13943,0.715269311,613,613,0,0.062031977,0.044404201,6,9973,13943
WA,2/19/2021,4,9802,13964,0.701947866,574,574,0,0.059114315,0.041518987,5,9802,13964
WA,2/20/2021,8,9789,13832,0.707706767,561,561,0,0.057864879,0.040972831,6,9789,13832
WA,2/21/2021,9,9463,13794,0.686022909,563,563,0,0.060091792,0.041233338,6,9463,13794
WA,2/22/2021,5,8725,12760,0.683777429,522,522,0,0.060500695,0.041353086,12,8725,12760
WA,2/23/2021,6,9059,12908,0.701812829,533,533,0,0.059493247,0.041751527,4,9059,12908
WA,2/24/2021,7,9988,13996,0.713632466,516,516,0,0.052195023,0.037256318,4,9988,13996
WA,2/25/2021,6,9967,13402,0.743694971,531,531,0,0.053804843,0.038774894,6,9438,13402
WA,2/26/2021,9,9875,13496,0.731698281,508,508,0,0.051990584,0.036987122,3,9342,13496
WA,2/27/2021,6,9746,13390,0.727856609,501,501,0,0.051868723,0.036819073,7,9227,13390
WA,2/28/2021,9,9436,13398,0.704284222,476,476,0,0.05093633,0.03475835,10,8926,13398
WA,3/1/2021,7,8628,12344,0.698963059,444,444,0,0.052014995,0.034821794,8,8099,12344
WA,3/2/2021,7,9068,12980,0.698613251,434,434,0,0.048361934,0.033800623,3,9068,12980
WA,3/3/2021,9,9998,14066,0.710791981,464,464,0,0.046854489,0.033314187,7,9998,14066
WA,3/4/2021,9,9994,14120,0.707790368,430,430,0,0.043456291,0.030756026,3,9994,14120
WA,3/5/2021,6,9875,14135,0.698620446,406,406,0,0.041530278,0.029008288,3,9875,14135
WA,3/6/2021,6,9495,14009,0.677778571,397,397,0,0.042256519,0.028622927,5,9495,14009
WA,3/7/2021,8,9199,13914,0.661132672,394,394,0,0.04328719,0.028602541,1,9199,13914
WA,3/8/2021,8,8524,13001,0.655641874,378,378,0,0.044877122,0.029384328,3,8524,13001
WA,3/9/2021,8,8954,13049,0.686182849,379,379,0,0.042858758,0.029350267,1,8954,13049
WA,3/10/2021,8,9948,14033,0.708900449,381,381,0,0.038731321,0.027415989,4,9948,14033
WA,3/11/2021,7,9911,14079,0.703956247,363,363,0,0.037063508,0.026038304,6,9911,14079
WA,3/12/2021,4,9653,13852,0.696866878,352,352,0,0.036874083,0.02566533,1,9653,13852
WA,3/13/2021,8,9554,13774,0.693625672,370,370,0,0.039174166,0.027136047,1,9554,13774
WA,3/14/2021,7,9326,13582,0.686644088,368,368,0,0.039917562,0.027372806,4,9326,13582
WA,3/15/2021,2,8627,12784,0.67482791,404,404,0,0.047406712,0.031939284,3,8627,12784
WA,3/16/2021,4,8952,12956,0.690953998,390,390,0,0.044097693,0.030428337,2,8952,12956
WA,3/17/2021,6,10004,14057,0.711673899,412,412,0,0.041620366,0.029593449,5,10004,14057
WA,3/18/2021,5,9910,14067,0.704485676,419,419,0,0.042755102,0.030076807,3,9910,14067
WA,3/19/2021,7,9841,13967,0.704589389,425,425,0,0.043665879,0.03071697,2,9841,13967
WA,3/20/2021,7,9543,13868,0.688130949,397,397,0,0.042023923,0.028902155,4,9543,13868
WA,3/21/2021,7,9445,13777,0.685562895,395,395,0,0.042205364,0.028950454,3,9445,13777
WA,3/22/2021,4,8482,12883,0.658387022,371,371,0,0.044203503,0.029093476,6,8482,12883
WA,3/23/2021,4,8921,12882,0.69251669,432,432,0,0.04894075,0.033877039,2,8921,12882
WA,3/24/2021,4,9950,14367,0.692559337,399,399,0,0.040499391,0.028025567,4,9950,14367
WA,3/25/2021,7,9948,14626,0.680158622,411,411,0,0.041687798,0.028362432,5,9948,14626
WA,3/26/2021,5,9860,14497,0.680140719,433,433,0,0.044274029,0.030144806,2,9860,14497
WA,3/27/2021,4,9505,14677,0.64761191,422,422,0,0.044793546,0.029011412,4,9505,14677
WA,3/28/2021,3,9353,14516,0.644323505,411,411,0,0.04433657,0.028563486,5,9353,14516
WA,3/29/2021,7,8599,13568,0.633770637,423,423,0,0.049700388,0.031475556,3,8599,13568
WA,3/30/2021,8,8936,13645,0.654891902,461,461,0,0.052161122,0.034110248,4,8936,13645
WA,3/31/2021,7,9905,14728,0.672528517,444,444,0,0.04522306,0.030406794,4,9905,14728
WA,4/1/2021,12,9826,14715,0.667753993,445,445,0,0.045744243,0.030500343,5,9826,14715
WA,4/2/2021,9,9779,14665,0.666825776,484,484,0,0.050010333,0.033294352,0,9779,14665
WA,4/3/2021,10,9586,14406,0.665417187,461,461,0,0.048551869,0.032301009,2,9586,14406
WA,4/4/2021,7,9286,13944,0.665949512,690,690,0,0.075024464,0.04995656,4,9286,13944
WA,4/5/2021,11,8436,13398,0.629646216,484,484,0,0.057936318,0.036484245,5,8436,13398
WA,4/6/2021,10,8859,13569,0.652885253,488,488,0,0.055637898,0.036320333,3,8859,13569
WA,4/7/2021,10,9876,14645,0.67435985,461,461,0,0.047098488,0.031764625,7,9876,14645
WA,4/8/2021,11,9725,13315,0.730379271,632,632,0,0.065648696,0.047947804,3,9725,13315
WA,4/9/2021,10,9643,13390,0.720164302,683,683,0,0.071570785,0.051523838,3,9643,13390
WA,4/10/2021,9,9476,14599,0.649085554,498,498,0,0.05307471,0.034418412,6,9476,14599
WA,4/11/2021,6,9281,14525,0.638967298,509,509,0,0.055362193,0.0353595,3,9281,14525
WA,4/12/2021,8,8475,12289,0.689641142,706,706,0,0.084197973,0.058068761,5,8475,12289
WA,4/13/2021,8,8797,12341,0.712827161,704,704,0,0.080938147,0.057671828,3,8797,12341
WA,4/14/2021,8,9898,13437,0.736622758,708,708,0,0.072208057,0.05320508,9,9898,13437
WA,4/15/2021,10,9886,13450,0.735018587,677,677,0,0.069131012,0.050833458,7,9886,13450
WA,4/16/2021,9,9972,14728,0.677077675,547,547,0,0.055375582,0.037450363,5,9972,14728
WA,4/17/2021,5,9702,14738,0.658298277,545,545,0,0.05676492,0.037303217,3,9702,14738
WA,4/18/2021,8,9471,13392,0.707213262,722,722,0,0.077037985,0.054433052,7,9471,13392
WA,4/19/2021,4,8641,12323,0.701209121,771,771,0,0.090302178,0.063238189,6,8641,12323
WA,4/20/2021,10,9042,12363,0.73137588,756,756,0,0.084639498,0.061794998,6,9042,12363
WA,4/21/2021,12,10047,13502,0.744111983,783,783,0,0.078820213,0.05856833,7,10047,13502
WA,4/22/2021,12,10024,13466,0.744393287,771,771,0,0.077792352,0.057809102,3,10024,13466
WA,4/23/2021,12,10219,13569,0.753113715,883,883,0,0.087408434,0.065718964,35,10219,13569
WA,4/24/2021,7,9843,14689,0.670093267,684,684,0,0.070254725,0.046981249,3,9843,14689
WA,4/25/2021,7,9595,14610,0.656741958,673,673,0,0.070857023,0.046487532,8,9595,14610
WA,4/26/2021,8,8675,12342,0.70288446,851,851,0,0.099311472,0.069708388,5,8675,12342
WA,4/27/2021,7,9141,12513,0.730520259,859,859,0,0.095022124,0.069402925,5,9141,12513
WA,4/28/2021,8,10048,13640,0.736656891,860,860,0,0.086440848,0.063694268,5,10048,13640
WA,4/29/2021,9,9976,13472,0.740498812,823,823,0,0.083367099,0.06170803,3,9976,13472
WA,4/30/2021,9,9884,14660,0.674215553,677,677,0,0.069194603,0.046622133,3,9884,14660
WA,5/1/2021,11,9679,14602,0.662854404,683,683,0,0.071220021,0.047227216,6,9679,14602
WA,5/2/2021,6,9430,13291,0.709502671,804,804,0,0.086035313,0.061131387,12,9430,13291
WA,5/3/2021,6,8624,12252,0.70388508,841,841,0,0.098570089,0.069383714,5,8624,12252
WA,5/4/2021,6,9106,12368,0.736254851,837,837,0,0.09296901,0.068432671,6,9106,12368
WA,5/5/2021,5,10034,13500,0.743259259,795,795,0,0.080100756,0.059474826,5,10034,13500
WA,5/6/2021,9,10060,13478,0.746401543,810,810,0,0.081407035,0.060710538,10,10060,13478
WA,5/7/2021,7,9915,13398,0.740035826,787,787,0,0.080142566,0.059369342,6,9915,13398
WA,5/8/2021,7,9714,14648,0.663162206,639,639,0,0.066334475,0.044029491,5,9714,14648
WA,5/9/2021,11,9500,14502,0.655082058,636,636,0,0.067515924,0.044274278,4,9500,14502
WA,5/10/2021,8,8694,12101,0.71845302,834,834,0,0.096920395,0.069738272,9,8694,12101
WA,5/11/2021,7,9103,12271,0.741830332,831,831,0,0.092230855,0.06846832,8,9103,12271
WA,5/12/2021,7,10105,13384,0.755005977,812,812,0,0.081086479,0.061283019,4,10105,13384
WA,5/13/2021,8,10122,13365,0.757351291,787,787,0,0.078495911,0.059495011,9,10122,13365
WA,5/14/2021,6,10052,14597,0.688634651,634,634,0,0.06368659,0.043848122,6,10052,14597
WA,5/15/2021,7,9640,14542,0.662907441,624,624,0,0.065271967,0.043324307,3,9640,14542
WA,5/16/2021,10,9484,13211,0.71788661,775,775,0,0.08242927,0.059287026,4,9484,13211
WA,5/17/2021,7,8673,12083,0.717785318,735,735,0,0.085604472,0.061526871,6,8673,12083
WA,5/18/2021,9,9099,12251,0.74271488,779,779,0,0.086545939,0.064332315,7,9099,12251
WA,5/19/2021,9,9944,13360,0.744311377,778,778,0,0.078984772,0.058845776,3,9944,13360
WA,5/20/2021,10,10073,14652,0.687482937,603,603,0,0.06043901,0.041537508,3,10073,14652
WA,5/21/2021,14,9932,13388,0.741858381,790,790,0,0.080268238,0.059600151,2,9932,13388
WA,5/22/2021,11,9865,14591,0.676101707,590,590,0,0.060358056,0.040813503,10,9865,14591
WA,5/23/2021,10,9608,13216,0.726997579,690,690,0,0.072418136,0.052732136,4,9608,13216
WA,5/24/2021,10,8782,12223,0.718481551,725,725,0,0.083342913,0.059976837,6,8782,12223
WA,5/25/2021,7,9066,12315,0.736175396,767,767,0,0.085431054,0.062977256,5,9066,12315
WA,5/26/2021,10,10032,13324,0.752927049,740,740,0,0.074476651,0.056090351,5,10032,13324
WA,5/27/2021,7,10056,13363,0.75252563,718,718,0,0.072117316,0.054278803,4,10056,13363
WA,5/28/2021,6,10021,14517,0.690294138,574,574,0,0.057810454,0.039897129,2,10021,14517
WA,5/29/2021,4,9733,13372,0.727864194,656,656,0,0.068028622,0.049546828,7,9733,13372
WA,5/30/2021,7,9621,14465,0.66512271,514,514,0,0.053855826,0.035863801,4,9621,14465
WA,5/31/2021,5,8517,12152,0.700872284,671,671,0,0.079483535,0.055828272,6,8517,12152
WA,6/1/2021,8,8651,12234,0.707127677,709,709,0,0.082759426,0.058585358,8,8651,12234
WA,6/2/2021,6,9960,13415,0.742452479,727,727,0,0.073635167,0.054735733,5,9960,13415
WA,6/3/2021,9,9994,13426,0.744376583,707,707,0,0.071399717,0.053201896,4,9994,13426
WA,6/4/2021,7,10031,13586,0.738333579,671,671,0,0.067511822,0.049881059,4,10031,13586
WA,6/5/2021,8,9871,13366,0.738515637,629,629,0,0.064321505,0.047536276,4,9871,13366
WA,6/6/2021,6,9514,13229,0.719177564,591,591,0,0.062772172,0.045142071,3,9514,13229
WA,6/7/2021,5,8836,12248,0.721423906,680,680,0,0.077803204,0.05611487,6,8836,12248
WA,6/8/2021,6,9179,12311,0.745593372,680,680,0,0.074922874,0.055824645,4,9179,12311
WA,6/9/2021,7,10125,13489,0.750611609,666,666,0,0.066447172,0.049846568,8,10125,13489
WA,6/10/2021,7,10098,13493,0.748388053,658,658,0,0.065793421,0.04924044,6,10098,13493
WA,6/11/2021,8,10042,14712,0.68257205,464,464,0,0.046661303,0.031824417,9,10042,14712
WA,6/12/2021,9,9783,14629,0.668740174,445,445,0,0.045942598,0.030698124,8,9783,14629
WA,6/13/2021,9,9649,14584,0.661615469,440,440,0,0.046015478,0.030443507,8,9649,14584
WA,6/14/2021,4,8773,12210,0.718509419,578,578,0,0.066551526,0.047851643,5,8773,12210
WA,6/15/2021,10,9188,12352,0.74384715,563,563,0,0.061915759,0.046075784,7,9188,12352
WA,6/16/2021,9,9955,13585,0.732793522,508,508,0,0.05151085,0.037763901,5,9955,13585
WA,6/17/2021,7,9865,13476,0.732042149,531,531,0,0.054338928,0.039793165,1,9865,13476
WA,6/18/2021,13,9804,13358,0.733942207,506,506,0,0.05209513,0.038252192,9,9804,13358
WA,6/19/2021,8,9645,13348,0.722580162,475,475,0,0.049727806,0.035927691,3,9645,13348
WA,6/20/2021,13,9453,13262,0.712788418,467,467,0,0.049925166,0.035564694,1,9453,13262
WA,6/21/2021,9,8576,12128,0.707124011,502,502,0,0.05924702,0.041819394,9,8576,12128
WA,6/22/2021,10,9165,12249,0.748224345,535,535,0,0.059109491,0.044152843,5,9165,12249
WA,6/23/2021,12,10206,13479,0.757177832,514,514,0,0.050926385,0.038519185,9,10206,13479
WA,6/24/2021,8,10079,13559,0.743343904,510,510,0,0.051138073,0.037983168,5,10079,13559
WA,6/25/2021,9,10015,13396,0.747611227,519,519,0,0.052392489,0.039113724,3,10015,13396
WA,6/26/2021,9,9716,13311,0.72992262,609,609,0,0.063325361,0.046185348,1,9716,13311
WA,6/27/2021,8,9524,13225,0.720151229,465,465,0,0.049295028,0.035515161,3,9524,13225
WA,6/28/2021,9,7126,12171,0.585490099,489,489,0,0.06954914,0.040614618,4,7126,12171
WA,6/29/2021,11,9033,12323,0.733019557,513,513,0,0.057485433,0.042094035,1,9033,12323
WA,6/30/2021,9,10338,13521,0.764588418,520,520,0,0.050850773,0.038855264,4,10338,13521
WA,7/1/2021,9,10242,13487,0.759397939,502,502,0,0.049550883,0.037586104,3,10242,13487
WA,7/2/2021,9,10210,13383,0.762908167,578,578,0,0.057233389,0.043619349,3,10210,13383
WA,7/3/2021,8,9914,13331,0.743680144,493,493,0,0.050280469,0.037348485,3,9914,13331
WA,7/4/2021,5,9704,13287,0.730337924,445,445,0,0.046363826,0.033830014,4,9704,13287
WA,7/5/2021,9,8622,12153,0.709454456,451,451,0,0.052946701,0.03752392,2,8622,12153
WA,7/6/2021,7,8877,12215,0.726729431,456,456,0,0.052031036,0.037742096,3,8877,12215
WA,7/7/2021,7,10020,13326,0.751913552,486,486,0,0.049056223,0.036837717,2,10020,13326
WA,7/8/2021,8,10104,13385,0.75487486,484,484,0,0.048443599,0.036531059,4,10104,13385
WA,7/9/2021,7,10078,13491,0.74701653,488,488,0,0.048956661,0.036543358,0,10078,13491
WA,7/10/2021,6,9860,13425,0.734450652,472,472,0,0.048395366,0.035518098,0,9860,13425
WA,7/11/2021,6,9735,13361,0.728613128,444,444,0,0.046101132,0.033572779,1,9735,13361
WA,7/12/2021,7,8886,12336,0.720330739,495,495,0,0.056358875,0.04057377,2,8886,12336
WA,7/13/2021,11,9288,12444,0.746383799,509,509,0,0.05541644,0.041355216,2,9288,12444
WA,7/14/2021,12,10224,13546,0.754761553,495,495,0,0.048922712,0.036907247,13,10224,13546
WA,7/15/2021,11,10293,13488,0.763122776,518,518,0,0.050879088,0.038801498,9,10293,13488
WA,7/16/2021,8,10148,13472,0.753266033,483,483,0,0.048150733,0.036212326,4,10148,13472
WA,7/17/2021,12,10000,13437,0.744213738,484,484,0,0.048953171,0.036390977,2,10000,13437
WA,7/18/2021,10,9707,13312,0.729191707,480,480,0,0.049979175,0.036432638,4,9707,13312
WA,7/19/2021,14,8991,12274,0.732524035,520,520,0,0.058519019,0.04283008,1,8991,12274
WA,7/20/2021,12,9315,12384,0.752180233,551,551,0,0.059858772,0.04499061,3,9315,12384
WA,7/21/2021,17,10258,13477,0.761148624,518,518,0,0.051029455,0.038833496,1,10258,13477
WA,7/22/2021,12,10273,13464,0.762997623,556,556,0,0.054697491,0.041719817,2,10273,13464
WA,7/23/2021,10,10168,13465,0.755142963,561,561,0,0.055732168,0.042082364,8,10168,13465
WA,7/24/2021,9,9904,13407,0.73871858,528,528,0,0.053811659,0.039759036,6,9904,13407
WA,7/25/2021,9,9785,13405,0.729951511,569,569,0,0.058659794,0.042885137,2,9785,13405
WA,7/26/2021,11,9061,12307,0.736247664,640,640,0,0.071285364,0.052579691,2,9061,12307
WA,7/27/2021,8,9368,12387,0.756276742,670,670,0,0.072299558,0.054689413,5,9368,12387
WA,7/28/2021,13,10293,13492,0.762896531,693,693,0,0.06806797,0.051886792,3,10293,13492
WA,7/29/2021,12,10229,13549,0.754963466,718,718,0,0.070990706,0.053546126,5,10229,13549
WA,7/30/2021,13,10125,13489,0.750611609,727,727,0,0.072649146,0.054477332,5,10125,13489
WA,7/31/2021,10,9887,13393,0.738221459,726,726,0,0.074255907,0.054796588,5,9887,13393
WA,8/1/2021,9,9727,13385,0.726709003,740,740,0,0.076883117,0.055861705,5,9727,13385
WA,8/2/2021,12,8932,12289,0.726828871,799,799,0,0.090558767,0.065750494,11,8932,12289
WA,8/3/2021,16,9336,12440,0.750482315,863,863,0,0.093580568,0.070174012,4,9336,12440
WA,8/4/2021,12,10223,13555,0.754186647,883,883,0,0.087365192,0.065831656,11,10223,13555
WA,8/5/2021,13,10201,13532,0.753842743,935,935,0,0.092721142,0.069807376,2,10201,13532
WA,8/6/2021,13,10061,13495,0.745535383,954,954,0,0.095869762,0.071439269,3,10061,13495
WA,8/7/2021,16,9891,13396,0.738354733,948,948,0,0.096863186,0.071520181,8,9891,13396
WA,8/8/2021,16,9795,13362,0.733048945,953,953,0,0.098358964,0.072071391,10,9795,13362
WA,8/9/2021,12,9124,12143,0.751379396,1070,1070,0,0.118572695,0.089047936,5,9124,12143
WA,8/10/2021,12,9670,12806,0.75511479,1120,1120,0,0.117179326,0.088453641,12,9670,12806
WA,8/11/2021,17,10301,13581,0.75848612,1150,1150,0,0.112922231,0.08559732,11,10301,13581
WA,8/12/2021,18,10260,13585,0.755244755,1204,1204,0,0.118609004,0.089596666,13,10260,13585
WA,8/13/2021,21,10159,13510,0.75196151,1249,1249,0,0.124167412,0.093439066,22,10159,13510
WA,8/14/2021,17,10020,13448,0.745092207,1238,1238,0,0.124773231,0.093019761,35,10020,13448
WA,8/15/2021,18,9856,13360,0.737724551,1291,1291,0,0.132288144,0.097618147,18,9856,13360
WA,8/16/2021,17,9033,12291,0.734927996,1363,1363,0,0.152546167,0.112236495,20,9033,12291
WA,8/17/2021,15,9279,12382,0.749394282,1433,1433,0,0.156100218,0.117113436,14,9279,12382
WA,8/18/2021,15,10093,13489,0.748239306,1477,1477,0,0.147818255,0.110686451,17,10093,13489
WA,8/19/2021,16,10148,13440,0.755059524,1510,1510,0,0.150218862,0.113602167,9,10148,13440
WA,8/20/2021,16,10045,13440,0.747395833,1523,1523,0,0.153203903,0.114545728,14,10045,13440
WA,8/21/2021,18,9905,13315,0.74389786,1509,1509,0,0.154011023,0.114552494,24,9905,13315
WA,8/22/2021,17,9772,13309,0.734239988,1495,1495,0,0.154553913,0.113541429,17,9772,13309
WA,8/23/2021,18,9154,12176,0.751806833,1604,1604,0,0.177139702,0.133289014,15,9154,12176
WA,8/24/2021,20,9395,12253,0.766751,1697,1697,0,0.182669537,0.140178424,9,9395,12253
WA,8/25/2021,20,10294,13514,0.761728578,1738,1738,0,0.170576111,0.130021695,11,10294,13514
WA,8/26/2021,18,10332,13482,0.76635514,1731,1731,0,0.169241298,0.129808774,9,10332,13482
WA,8/27/2021,19,10174,13453,0.756262544,1732,1732,0,0.172115671,0.130166842,12,10174,13453
WA,8/28/2021,19,10039,13386,0.749962648,1739,1739,0,0.175072989,0.131324573,18,10039,13386
WA,8/29/2021,18,9872,13300,0.742255639,1746,1746,0,0.178564124,0.132705024,25,9872,13300
WA,8/30/2021,19,9227,12343,0.747549218,1828,1828,0,0.200284869,0.14987292,18,9227,12343
WA,8/31/2021,18,9381,12309,0.762125274,1838,1838,0,0.198103039,0.151064354,19,9381,12309
WA,9/1/2021,19,10148,13422,0.75607212,1822,1822,0,0.181329618,0.137136836,28,10148,13422
WA,9/2/2021,20,10231,13379,0.764705882,1826,1826,0,0.180345679,0.137957087,31,10231,13379
WA,9/3/2021,20,10147,13355,0.759790341,1792,1792,0,0.178521618,0.135644539,20,10147,13355
WA,9/4/2021,16,10039,13204,0.760299909,1795,1795,0,0.180728957,0.137442573,27,10039,13204
WA,9/5/2021,13,9923,13168,0.753569259,1848,1848,0,0.188129899,0.141902787,17,9923,13168
WA,9/6/2021,15,9188,12117,0.7582735,1909,1909,0,0.210034107,0.159495363,23,9188,12117
WA,9/7/2021,21,9191,12156,0.756087529,1886,1886,0,0.207709251,0.157088123,23,9191,12156
WA,9/8/2021,22,10299,13281,0.775468715,1909,1909,0,0.187487723,0.145325822,32,10299,13281
WA,9/9/2021,21,10344,13284,0.77868112,1938,1938,0,0.189479859,0.147600914,30,10344,13284
WA,9/10/2021,20,10281,13289,0.773647378,1907,1907,0,0.187420147,0.145129376,18,10281,13289
WA,9/11/2021,18,9699,13246,0.732221048,1853,1853,0,0.192980629,0.141417996,17,9699,13246
WA,9/12/2021,20,9994,13410,0.745264728,1856,1856,0,0.187474747,0.139822209,24,9994,13410
WA,9/13/2021,22,9228,12284,0.751221101,1866,1865,1,0.204249261,0.153561136,26,9228,12284
WA,9/14/2021,23,9545,12118,0.787671233,1816,1816,0,0.192209992,0.151598631,23,9545,12118
WA,9/15/2021,21,10363,13339,0.77689482,1835,1835,0,0.178937104,0.139025684,33,10363,13339
WA,9/16/2021,17,10328,13259,0.778942605,1821,1821,0,0.178110329,0.138816893,24,10328,13259
WA,9/17/2021,17,10222,13169,0.776216873,1759,1759,0,0.173797056,0.135016887,26,10222,13169
WA,9/18/2021,17,10100,13053,0.773768482,1750,1750,0,0.174982502,0.135480375,29,10100,13053
WA,9/19/2021,16,9974,13006,0.766876826,1718,1718,0,0.173921847,0.133602924,31,9974,13006
WA,9/20/2021,18,9293,11839,0.784948053,1737,1737,0,0.188701793,0.148550415,27,9293,11839
WA,9/21/2021,17,9607,12193,0.787911097,1691,1691,0,0.178,0.140366896,20,9607,12193
WA,9/22/2021,17,10295,12808,0.803794503,1667,1667,0,0.163591757,0.13164337,17,10295,12808
WA,9/23/2021,12,10233,12852,0.796218487,1627,1627,0,0.16064376,0.127999371,28,10233,12852
WA,9/24/2021,19,10201,12821,0.795647765,1564,1564,0,0.154928182,0.123363307,21,10201,12821
WA,9/25/2021,20,10069,12783,0.787686771,1500,1500,0,0.150617532,0.118652112,24,10069,12783
WA,9/26/2021,16,9926,12666,0.783672825,1505,1505,0,0.15330549,0.120111732,25,9926,12666
WA,9/27/2021,18,9139,11658,0.783925202,1481,1481,0,0.164063365,0.128603682,24,9139,11658
WA,9/28/2021,18,9544,11717,0.814542972,1501,1501,0,0.159206619,0.129698436,28,9544,11717
WA,9/29/2021,20,10344,12840,0.805607477,1503,1503,0,0.147021422,0.118365097,30,10344,12840
WA,9/30/2021,19,10317,12843,0.803316982,1524,1524,0,0.149470381,0.119990552,19,10317,12843
WA,10/1/2021,20,10198,12816,0.795724095,1443,1443,0,0.143112169,0.113828193,12,10198,12816
WA,10/2/2021,14,10044,12685,0.79180134,1400,1400,0,0.140887592,0.111562674,28,10044,12685
WA,10/3/2021,19,9972,12828,0.777362021,1367,1367,0,0.138472447,0.107671708,14,9972,12828
WA,10/4/2021,24,9176,11814,0.776705604,1412,1412,0,0.155712395,0.120911115,19,9176,11814
WA,10/5/2021,21,9401,11844,0.793735225,1434,1434,0,0.154342912,0.122501281,16,9401,11844
WA,10/6/2021,21,10349,12927,0.800572445,1425,1425,0,0.139132982,0.111450023,10,10349,12927
WA,10/7/2021,19,10322,12838,0.804019318,1429,1429,0,0.139851243,0.112617228,20,10322,12838
WA,10/8/2021,23,10239,12820,0.798673947,1396,1396,0,0.13776769,0.110120691,29,10239,12820
WA,10/9/2021,19,10194,12723,0.801226126,1327,1327,0,0.131542427,0.105417858,21,10194,12723
WA,10/10/2021,22,9932,12730,0.780204242,1316,1316,0,0.133889511,0.104477612,24,9932,12730
WA,10/11/2021,23,9346,11675,0.800513919,1363,1363,0,0.147526789,0.118080222,15,9346,11675
WA,10/12/2021,19,9582,11732,0.816740539,1374,1374,0,0.144982589,0.118519796,11,9582,11732
WA,10/13/2021,18,10413,12815,0.812563402,1320,1320,0,0.128142899,0.104142012,26,10413,12815
WA,10/14/2021,19,10432,12931,0.806743485,1340,1340,0,0.129769514,0.104785737,19,10432,12931
WA,10/15/2021,17,10337,12872,0.803060907,1279,1279,0,0.125012218,0.100479221,20,10337,12872
WA,10/16/2021,13,10127,12778,0.792534043,1232,1232,0,0.122905028,0.097530082,9,10127,12778
WA,10/17/2021,15,10018,12756,0.785355911,1262,1262,0,0.127281896,0.100079302,16,10018,12756
WA,10/18/2021,21,9375,11763,0.796990564,1298,1298,0,0.139915921,0.111684736,19,9375,11763
WA,10/19/2021,22,9588,11736,0.816973415,1298,1298,0,0.136775553,0.111944804,9,9588,11736
WA,10/20/2021,19,10425,12750,0.817647059,1306,1306,0,0.126550388,0.103585025,19,10425,12750
WA,10/21/2021,22,10465,12819,0.816366331,1290,1290,0,0.124553442,0.101751065,16,10465,12819
WA,10/22/2021,22,10458,12794,0.817414413,1285,1285,0,0.124154589,0.101540893,15,10458,12794
WA,10/23/2021,18,10240,12675,0.807889546,1223,1223,0,0.120706672,0.097543468,20,10240,12675
WA,10/24/2021,19,10079,12649,0.796821883,1193,1193,0,0.119622982,0.095371333,15,10079,12649
WA,10/25/2021,19,9361,11545,0.810827198,1293,1293,0,0.139753567,0.113391213,10,9361,11545
WA,10/26/2021,20,9436,11412,0.826848931,1284,1284,0,0.137709138,0.1139409,8,9436,11412
WA,10/27/2021,20,9436,11412,0.826848931,1284,1284,0,0.137709138,0.1139409,8,9436,11412
